addr	size	name	confidence	args	ret	callers	callees	frame	saved	tags
0x80010000	140	BootEntry	high	0	u32	0	2	0	ra	break|gp
0x8001008C	136	func_8001008C	verified	2	u32	1	4	16	s0|s1|s2|ra	
0x80010114	68	func_80010114	verified	4	void	2	2	32	ra	
0x80010158	12	func_80010158	high	0	u32	6	0	0		leaf|gp
0x80010164	40	func_80010164	high	0	u32	4	0	0		leaf|gp
0x8001018C	40	func_8001018C	high	0	u32	1	0	0		leaf|gp
0x800101B4	36	func_800101B4	verified	1	void	2	1	8	ra	gp
0x800101E4	12	func_800101E4	low	0	u32	1	0	0		leaf|gp|orphan
0x800102C0	92	func_800102C0	verified	2	u32	1	1	16	s0|s1|ra	
0x8001031C	168	func_8001031C	verified	2	u32	1	1	16	s0|s1|s2|ra	
0x80010460	40	func_80010460	verified	1	u32	1	1	8	ra	addr_taken
0x80010488	672	func_80010488	high	4	u32	1	14	0	s0|s1|s2|fp|ra	indirect
0x80010728	2468	func_80010728	medium	0	u32	1	75	128	s0|s1|s2|s3|s4|s5|s6|s7|fp|ra	gp
0x800110CC	36	func_800110CC	verified	0	void	1	1	8	ra	gp
0x800110F8	248	func_800110F8	low	2	u32	0	0	0		leaf|orphan
0x800111F0	76	func_800111F0	low	2	u32	0	0	0		leaf|orphan
0x8001123C	92	func_8001123C	high	1	u32	6	2	0	s0|ra	gp
0x800112A0	48	func_800112A0	verified	0	u32	5	1	8	ra	
0x800112D0	432	func_800112D0	medium	2	u32	0	2	40	s0|s1|s2|s3|s4|s5|s6|s7|fp|ra	orphan
0x80011480	92	func_80011480	medium	1	u32	0	1	8	s0|ra	gp|orphan
0x800114DC	120	func_800114DC	high	0	u32	2	1	0	s0|ra	gp|indirect
0x80011768	80	func_80011768	high	2	u32	5	0	0		leaf
0x800117B8	80	func_800117B8	low	2	u32	2	0	0		leaf|orphan
0x80011808	808	func_80011808	verified	4	u32	2	12	584	s0|s1|s2|s3|s4|s5|s6|s7|fp|ra	gp|indirect
0x80011B30	160	func_80011B30	verified	3	u32	2	1	8	s0|ra	
0x80011BD0	292	func_80011BD0	verified	4	u32	3	4	32	s0|s1|s2|s3|s4|s5|s6|ra	
0x80011CF4	204	func_80011CF4	verified	2	u32	1	2	16	s0|s1|s2|ra	gp
0x80011DC0	332	func_80011DC0	verified	2	u32	3	3	32	s0|s1|s2|s3|s4|s5|s6|ra	gp
0x80011F0C	272	func_80011F0C	verified	3	u32	3	3	48	s0|s1|s2|s3|s4|ra	
0x8001201C	116	func_8001201C	verified	2	u32	2	1	16	s0|s1|s2|ra	
0x80012090	72	func_80012090	low	2	u32	0	0	0		leaf|orphan
0x800120D8	112	func_800120D8	verified	2	u32	2	1	16	s0|s1|s2|ra	
0x80012148	320	func_80012148	verified	2	u32	9	3	56	s0|s1|s2|s3|s4|s5|s6|fp|ra	gp
0x80012288	340	func_80012288	verified	3	u32	1	3	64	s0|s1|s2|s3|s4|s5|s6|s7|fp|ra	gp
0x800123DC	92	func_800123DC	verified	2	u32	1	1	16	s0|s1|ra	
0x80012438	416	func_80012438	verified	3	u32	6	4	56	s0|s1|s2|s3|s4|s5|s6|s7|fp|ra	gp
0x800125D8	460	func_800125D8	verified	4	u32	1	4	80	s0|s1|s2|s3|s4|s5|s6|s7|fp|ra	gp
0x800127A4	296	func_800127A4	verified	3	u32	2	5	24	s0|s1|s2|s3|s4|ra	gp
0x800128CC	168	func_800128CC	verified	1	u32	4	4	16	s0|s1|s2|ra	
0x80012974	84	func_80012974	verified	0	u32	1	2	16	s0|s1|ra	
0x800129C8	92	func_800129C8	verified	0	u32	1	1	16	s0|s1|ra	
0x80012A24	124	func_80012A24	verified	1	u32	4	1	16	s0|s1|s2|ra	
0x80012AA0	40	func_80012AA0	high	1	u32	1	0	0		leaf
0x80012AD0	200	func_80012AD0	verified	0	u32	1	2	8	ra	gp
0x80012BF0	144	func_80012BF0	verified	3	u32	4	3	16	s0|s1|s2|ra	gp
0x80012C80	120	func_80012C80	verified	3	u32	1	2	16	s0|s1|ra	
0x80012CF8	112	func_80012CF8	verified	1	u32	3	4	8	s0|ra	gp
0x80012D68	24	func_80012D68	high	2	u32	1	0	0		leaf
0x80012E00	12	func_80012E00	low	0	u32	0	0	0		leaf|gp|orphan
0x80012E18	64	func_80012E18	high	1	u32	3	1	0	ra	gp
0x80012E58	28	func_80012E58	low	1	u32	0	0	0		leaf|gp|orphan
0x80012E74	56	func_80012E74	verified	0	u32	1	1	8	ra	gp
0x80012F8C	60	func_80012F8C	high	1	u32	6	1	0	ra	gp
0x80012FC8	28	func_80012FC8	high	1	u32	5	0	0		leaf
0x800130F8	24	func_800130F8	high	1	u32	6	0	0		leaf
0x80013110	76	func_80013110	verified	2	u32	6	2	8	s0|ra	gp
0x8001315C	48	func_8001315C	verified	1	u32	4	1	8	ra	
0x800131CC	40	func_800131CC	high	1	void	10	1	0	ra	gp
0x800131F4	32	func_800131F4	verified	0	void	3	1	8	ra	
0x80013214	72	func_80013214	verified	2	u32	3	2	8	s0|ra	gp
0x8001325C	44	func_8001325C	verified	1	u32	3	1	8	ra	
0x80013288	60	func_80013288	verified	3	u32	1	2	8	s0|ra	
0x800132FC	84	func_800132FC	verified	3	u32	1	2	16	s0|s1|ra	
0x800133A8	68	func_800133A8	verified	2	u32	1	2	8	s0|ra	
0x800135B8	28	func_800135B8	low	1	u32	1	0	0		leaf|orphan
0x8001374C	48	func_8001374C	medium	1	u32	1	1	8	ra	orphan
0x800137FC	56	func_800137FC	verified	0	u32	1	1	16	ra	
0x80013A68	88	func_80013A68	medium	1	u32	1	1	16	ra	gp|orphan
0x80013AC0	40	func_80013AC0	low	1	u32	1	0	0		leaf|orphan
0x80013AE8	80	func_80013AE8	verified	0	u32	1	1	16	ra	
0x80013C3C	156	func_80013C3C	verified	1	u32	9	3	16	ra	gp
0x80013D54	148	func_80013D54	verified	0	u32	18	3	16	ra	
0x80013E8C	140	func_80013E8C	medium	1	u32	1	3	8	s0|ra	orphan
0x80014020	132	func_80014020	verified	4	u32	1	2	56	s0|s1|s2|s3|ra	
0x8001423C	76	func_8001423C	medium	1	u32	1	2	16	ra	orphan
0x800143A0	124	func_800143A0	verified	1	u32	3	2	16	s0|s1|ra	
0x8001441C	180	func_8001441C	verified	4	u32	1	3	72	s0|s1|ra	
0x800144D0	116	func_800144D0	verified	1	u32	1	1	8	ra	
0x80014544	132	func_80014544	verified	1	u32	2	1	8	s0|ra	indirect
0x800145C8	344	func_800145C8	verified	4	u32	1	4	16	s0|s1|ra	indirect
0x80014720	44	func_80014720	verified	3	u32	1	1	8	ra	
0x8001474C	1444	func_8001474C	verified	2	u32	1	2	16	s0|s1|s2|ra	
0x80014FBC	192	func_80014FBC	verified	3	u32	4	1	16	s0|s1|ra	indirect
0x8001507C	252	func_8001507C	verified	3	u32	1	1	24	s0|s1|s2|s3|ra	indirect
0x80015178	3100	func_80015178	verified	3	u32	1	8	104	s0|s1|s2|s3|s4|s5|s6|s7|fp|ra	indirect
0x80015D94	124	func_80015D94	verified	2	u32	1	1	16	s0|s1|ra	indirect
0x80015E10	72	func_80015E10	medium	3	u32	0	1	16	s0|s1|ra	orphan
0x80015E58	20	func_80015E58	low	1	u32	0	0	0		leaf|orphan
0x80015E6C	120	func_80015E6C	verified	4	u32	1	0	40	s0|s1|s2|s3|ra	indirect
0x80015EE4	2100	func_80015EE4	verified	2	u32	1	2	48	s0|s1|s2|s3|s4|s5|s6|s7|fp|ra	
0x80016718	44	func_80016718	verified	2	u32	2	0	8	ra	indirect
0x80016744	1124	func_80016744	verified	4	u32	1	0	16	s0|s1|s2|s3	leaf
0x80016BA8	1484	func_80016BA8	verified	4	u32	2	0	256	s0|s1|s2|s3|s4|s5|s6|s7|fp	leaf
0x80017174	268	func_80017174	verified	4	u32	1	1	80	s0|s1|s2|s3|s4|s5|ra	indirect
0x80017280	516	func_80017280	verified	4	u32	1	1	88	s0|s1|s2|s3|s4|s5|s6|s7|fp|ra	indirect
0x80017484	56	func_80017484	high	4	u32	1	0	0		leaf|gp
0x800174BC	416	func_800174BC	verified	3	u32	2	1	32	s0|s1|s2|s3|s4|s5|ra	indirect
0x8001765C	480	func_8001765C	verified	3	u32	1	0	16	s0|s1|s2|s3|s4|s5|s6|s7	leaf|addr_taken
0x8001783C	48	func_8001783C	high	1	u32	3	0	0		leaf
0x8001786C	40	func_8001786C	verified	0	u32	1	1	8	ra	gp
0x800178A0	40	func_800178A0	verified	1	void	1	1	8	ra	gp
0x800178C8	68	func_800178C8	high	2	u32	1	0	0		leaf|gp
0x8001790C	56	func_8001790C	verified	0	void	1	2	8	ra	gp
0x80017944	916	func_80017944	verified	2	u32	2	2	24	s0|s1|s2|s3|s4|ra	gp
0x80017CD8	32	func_80017CD8	verified	0	void	14	1	8	ra	
0x80017CF8	32	func_80017CF8	verified	0	void	3	1	8	ra	
0x80017D18	72	func_80017D18	high	2	u32	1	0	0		leaf
0x80017D60	224	func_80017D60	verified	1	u32	29	1	16	s0|s1|ra	gp
0x80017E40	28	func_80017E40	high	1	u32	1	0	0		leaf
0x80017E5C	308	func_80017E5C	high	3	u32	10	0	0		leaf
0x80017F90	100	func_80017F90	verified	2	u32	11	2	8	ra	gp
0x80017FF4	132	func_80017FF4	low	3	u32	4	0	0		leaf|orphan
0x80018078	80	func_80018078	low	2	u32	0	2	0	s0|s1|ra	orphan
0x800180C8	48	func_800180C8	high	3	u32	1	0	0		leaf
0x800180F8	92	func_800180F8	high	2	u32	1	0	0		leaf
0x80018154	108	func_80018154	high	1	u32	4	1	0	s0|s1|ra	gp
0x800181C0	124	func_800181C0	verified	2	u32	1	1	16	s0|s1|ra	gp
0x8001823C	492	func_8001823C	low	4	u32	0	6	0	s0|s1|s2|s3|s4|s5|s6|ra	gp|orphan
0x80018428	208	func_80018428	verified	3	u32	1	1	24	s0|s1|s2|s3|ra	gp
0x800184F8	48	func_800184F8	high	2	u32	1	0	0		leaf
0x80018528	100	func_80018528	verified	1	u32	1	1	16	s0|s1|s2|ra	gp
0x8001858C	268	func_8001858C	high	2	u32	2	0	0		leaf|gp
0x80018698	100	func_80018698	high	2	u32	2	0	0		leaf|gp
0x800186FC	64	func_800186FC	verified	1	void	1	2	8	s0|ra	
0x8001873C	64	func_8001873C	verified	1	void	1	2	8	s0|ra	
0x8001877C	836	func_8001877C	high	2	u32	4	6	0	s0|s1|s2|s3|s4|ra	gp|indirect
0x80018AF4	176	func_80018AF4	verified	4	void	1	3	32	s0|s1|s2|s3|s4|s5|ra	
0x80018BA4	1560	func_80018BA4	high	4	u32	2	12	0	s0|s1|s2|s3|s4|s5|s6|s7|fp|ra	gp|indirect
0x80019278	84	func_80019278	medium	1	void	0	1	16	s0|s1|ra	orphan
0x80019700	212	func_80019700	verified	1	u32	1	1	16	s0|s1|s2|ra	gp
0x800197D4	364	func_800197D4	verified	3	u32	2	8	56	s0|s1|s2|s3|s4|s5|s6|s7|fp|ra	indirect
0x80019940	144	func_80019940	verified	1	u32	4	2	8	s0|ra	gp
0x80019BD0	196	func_80019BD0	medium	3	u32	0	5	160	s0|s1|s2|s3|s4|s5|ra	orphan|indirect
0x80019E68	212	func_80019E68	verified	0	u32	1	3	16	s0|s1|ra	gp
0x80019F3C	36	func_80019F3C	verified	0	void	1	1	8	ra	
0x80019F60	444	func_80019F60	verified	0	u32	1	6	296	s0|s1|s2|s3|s4|s5|s6|s7|ra	gp
0x8001A11C	256	func_8001A11C	verified	2	u32	1	0	8	ra	gp|indirect
0x8001A21C	56	func_8001A21C	high	2	u32	1	0	0		leaf
0x8001A254	84	func_8001A254	verified	2	u32	1	1	16	s0|s1|ra	
0x8001A2A8	612	func_8001A2A8	verified	0	u32	1	3	32	s0|s1|s2|s3|s4|s5|s6|ra	gte|gp
0x8001A538	52	func_8001A538	verified	1	void	1	2	8	s0|ra	
0x8001A56C	164	func_8001A56C	verified	1	u32	1	1	8	s0|ra	gp|indirect
0x8001A610	104	func_8001A610	verified	0	u32	1	2	16	s0|s1|ra	gp
0x8001A840	60	func_8001A840	verified	0	u32	2	1	8	ra	
0x8001A87C	44	func_8001A87C	verified	0	u32	2	2	8	ra	
0x8001A8A8	56	func_8001A8A8	verified	0	u32	1	2	8	ra	
0x8001A8E0	16	func_8001A8E0	high	0	u32	1	0	0		leaf
0x8001A8F0	1968	func_8001A8F0	verified	4	u32	1	0	16	s0|s1|s2|s3|s4|s5|s6	leaf|gte
0x8001B0A0	1500	func_8001B0A0	verified	4	u32	1	0	16	s0|s1|s2|s3|s4|s5|s6	leaf|gte
0x8001B67C	100	func_8001B67C	high	2	u32	3	0	0		leaf|gp
0x8001B748	164	func_8001B748	low	4	u32	0	0	0		leaf|orphan
0x8001B924	8	func_8001B924	high	0	void	1	0	0		leaf
0x8001B950	340	func_8001B950	medium	2	u32	1	1	32	s0|s1|s2|s3|s4|s5|ra	gp|orphan
0x8001BAA4	200	func_8001BAA4	medium	2	u32	1	1	16	s0|s1|s2|ra	gp|orphan
0x8001BB6C	132	func_8001BB6C	medium	2	u32	0	3	16	s0|s1|ra	orphan
0x8001BBF0	284	func_8001BBF0	medium	2	u32	1	1	24	s0|s1|s2|s3|ra	gp|orphan
0x8001BD0C	236	func_8001BD0C	medium	2	u32	1	1	24	s0|s1|s2|s3|ra	gp|orphan
0x8001BDF8	128	func_8001BDF8	medium	2	u32	0	3	16	s0|s1|ra	orphan
0x8001BF10	196	func_8001BF10	low	2	u32	0	0	0		leaf|orphan
0x8001BFD4	212	func_8001BFD4	low	2	u32	0	0	0		leaf|gte|orphan
0x8001C0A8	132	func_8001C0A8	low	4	u32	0	0	0		leaf|orphan
0x8001C12C	220	func_8001C12C	medium	3	u32	0	0	32	s0|s1|s2|s3|s4|s5|ra	gp|orphan|indirect
0x8001C208	304	func_8001C208	medium	3	u32	0	0	32	s0|s1|s2|s3|s4|s5|s6|ra	gp|orphan|indirect
0x8001C390	312	func_8001C390	low	3	u32	1	0	0		leaf|orphan
0x8001C4C8	312	func_8001C4C8	low	3	u32	1	0	0		leaf|gp|orphan
0x8001C600	72	func_8001C600	medium	1	u32	1	2	8	ra	orphan
0x8001C648	252	func_8001C648	medium	2	u32	1	2	40	s0|s1|s2|s3|s4|ra	orphan
0x8001C744	264	func_8001C744	medium	2	u32	1	2	48	s0|s1|s2|s3|s4|s5|ra	gp|orphan
0x8001C84C	72	func_8001C84C	medium	1	u32	1	2	8	ra	orphan
0x8001C894	180	func_8001C894	medium	2	u32	1	2	32	s0|s1|ra	orphan
0x8001C948	32	func_8001C948	medium	0	void	0	1	16	ra	orphan
0x8001D358	100	func_8001D358	low	2	u32	0	0	0		leaf|orphan
0x8001D420	312	func_8001D420	low	2	u32	0	0	0		leaf|gte|orphan
0x8001D558	176	func_8001D558	low	4	u32	0	0	0		leaf|orphan
0x8001D608	296	func_8001D608	low	3	u32	1	0	0		leaf|orphan
0x8001D730	296	func_8001D730	low	3	u32	1	0	0		leaf|orphan
0x8001D858	72	func_8001D858	medium	1	u32	1	2	8	ra	orphan
0x8001D8A0	248	func_8001D8A0	medium	2	u32	1	2	48	s0|s1|s2|s3|s4|s5|ra	orphan
0x8001D998	248	func_8001D998	medium	2	u32	1	2	48	s0|s1|s2|s3|s4|s5|ra	orphan
0x8001DA90	72	func_8001DA90	medium	1	u32	1	2	8	ra	orphan
0x8001DAD8	180	func_8001DAD8	medium	2	u32	0	2	32	s0|s1|ra	orphan
0x8001DD9C	216	func_8001DD9C	high	0	u32	1	1	0	s0|ra	gp
0x8001DE74	1704	func_8001DE74	medium	1	u32	0	3	24	s0|s1|s2|ra	gp|orphan
0x8001E540	100	func_8001E540	medium	3	u32	0	1	56	ra	orphan
0x8001E5A4	1004	func_8001E5A4	medium	4	u32	1	3	120	s0|s1|s2|s3|s4|s5|s6|s7|fp|ra	gp|orphan
0x8001E990	2760	func_8001E990	high	4	u32	1	3	0	s0|s1|s2|s3|s4|s5|s6|s7|ra	gte|gp|indirect
0x8001F458	228	func_8001F458	verified	1	u32	1	1	8	ra	gp
0x8001F598	744	func_8001F598	verified	0	u32	2	8	144	s0|s1|s2|s3|s4|s5|s6|s7|fp|ra	gp
0x8001F880	316	func_8001F880	high	0	u32	1	3	0	s0|s1|s2|ra	gp
0x8001F9BC	132	func_8001F9BC	verified	0	u32	1	4	16	s0|s1|s2|ra	gp
0x8001FA40	208	func_8001FA40	high	0	u32	2	2	0	s0|ra	gp
0x8001FB1C	12	func_8001FB1C	high	0	u32	1	0	0		leaf|gp
0x8001FB28	732	func_8001FB28	high	0	u32	2	6	0	s0|s1|s2|s3|s4|s5|s6|s7|fp|ra	gp
0x8001FE04	484	func_8001FE04	high	1	u32	3	7	0	s0|s1|ra	gp
0x8001FFE8	144	func_8001FFE8	low	1	u32	1	0	0		leaf|gp|orphan
0x80020078	140	func_80020078	high	3	u32	1	0	0		leaf|gp
0x80020104	924	func_80020104	verified	3	u32	1	3	48	s0|s1|s2|ra	gte|gp
0x800204A0	56	func_800204A0	verified	0	void	1	3	8	ra	
0x80020518	124	func_80020518	verified	0	u32	1	1	8	ra	
0x80020594	36	func_80020594	verified	0	void	1	1	8	ra	gp
0x800205B8	8	func_800205B8	high	0	void	1	0	0		leaf
0x800205C0	92	func_800205C0	high	0	u32	1	0	0		leaf
0x8002061C	84	func_8002061C	high	0	u32	2	0	0		leaf
0x80020670	96	func_80020670	medium	2	u32	1	1	16	s0|s1|ra	orphan
0x800206D0	220	func_800206D0	medium	4	u32	1	1	16	s0|s1|ra	orphan
0x800207AC	920	func_800207AC	verified	4	u32	2	6	32	s0|s1|s2|s3|s4|s5|ra	gp
0x80020B44	376	func_80020B44	verified	1	u32	2	1	16	s0|s1|s2|ra	
0x80020CBC	80	func_80020CBC	high	2	u32	2	0	0		leaf
0x80020D0C	204	func_80020D0C	medium	2	u32	2	2	16	s0|s1|ra	orphan
0x80020DD8	68	func_80020DD8	medium	1	void	0	2	8	s0|ra	gp|orphan
0x80020E1C	100	func_80020E1C	medium	3	void	0	3	16	s0|s1|s2|ra	gp|orphan
0x80020E80	204	func_80020E80	verified	1	u32	1	4	16	s0|s1|s2|ra	gp
0x80020F4C	156	func_80020F4C	high	0	u32	1	1	0	ra	gp
0x80020FE8	172	func_80020FE8	high	0	u32	1	3	0	s0|ra	gp
0x80021094	132	func_80021094	verified	2	u32	5	4	144	s0|s1|s2|ra	
0x80021118	36	func_80021118	verified	0	u32	1	1	16	ra	
0x800211B8	76	func_800211B8	verified	3	u32	1	1	16	s0|ra	
0x80021204	96	func_80021204	verified	0	u32	1	3	8	s0|ra	
0x80021264	80	func_80021264	verified	0	u32	2	3	8	s0|ra	
0x800212B4	80	func_800212B4	medium	0	u32	0	3	8	s0|ra	orphan
0x8002153C	340	func_8002153C	verified	4	u32	1	5	72	s0|s1|s2|s3|s4|s5|s6|s7|ra	indirect
0x80021690	168	func_80021690	verified	4	u32	2	2	64	s0|s1|s2|s3|s4|s5|ra	
0x800217A0	72	func_800217A0	verified	4	u32	1	1	24	ra	
0x800217E8	100	func_800217E8	verified	2	u32	4	2	40	s0|s1|ra	
0x800218B0	180	func_800218B0	medium	4	u32	1	2	56	s0|s1|s2|s3|ra	gp|orphan
0x80021964	100	func_80021964	medium	2	u32	0	2	40	s0|s1|ra	orphan
0x800219C8	192	func_800219C8	medium	4	u32	2	3	64	s0|s1|s2|s3|s4|s5|ra	orphan
0x80021A88	68	func_80021A88	medium	1	u32	1	1	8	ra	gp|orphan
0x80021ACC	188	func_80021ACC	medium	4	u32	0	3	48	s0|s1|s2|s3|ra	orphan
0x80021B88	100	func_80021B88	verified	3	void	2	4	24	s0|s1|ra	
0x80021BEC	220	func_80021BEC	verified	2	u32	1	1	2064	s0|s1|ra	
0x80021CF0	544	func_80021CF0	verified	4	u32	3	1	2128	s0|s1|s2|s3|s4|s5|s6|s7|fp|ra	indirect
0x80021FC8	88	func_80021FC8	verified	3	u32	2	1	24	s0|ra	gp
0x80022020	496	func_80022020	verified	3	u32	2	4	40	s0|s1|s2|s3|s4|ra	gp
0x80022210	424	func_80022210	verified	2	u32	1	5	32	s0|s1|s2|s3|s4|ra	gp
0x800223FC	464	func_800223FC	low	2	u32	1	7	0	s0|s1|s2|ra	gp|orphan
0x800225CC	212	func_800225CC	medium	1	u32	1	5	8	s0|ra	gp|orphan
0x800226A0	404	func_800226A0	low	4	u32	1	2	0	s0|s1|s2|s3|s4|s5|s6|s7|fp|ra	gp|orphan
0x80022834	204	func_80022834	high	0	u32	1	1	0	s0|s1|ra	gp
0x80022900	120	func_80022900	high	1	u32	2	1	0	s0|s1|s2|ra	gp
0x80022B54	168	func_80022B54	low	1	u32	0	0	0		leaf|gp|orphan
0x80022C34	348	func_80022C34	verified	4	u32	2	2	112	s0|s1|s2|s3|s4|s5|ra	gp
0x80022D90	84	func_80022D90	high	4	u32	2	0	0		leaf
0x80022DE4	260	func_80022DE4	verified	0	u32	1	3	48	s0|s1|s2|s3|s4|ra	gp
0x80022EE8	84	func_80022EE8	high	3	u32	2	1	0	ra	gp
0x80022F3C	128	func_80022F3C	high	0	u32	2	1	0	ra	gp
0x80022FBC	148	func_80022FBC	verified	1	u32	1	1	8	ra	gp
0x80023078	12	func_80023078	high	1	void	2	0	0		leaf|gp
0x80023084	56	func_80023084	verified	1	u32	2	1	8	ra	
0x800230BC	44	func_800230BC	medium	4	u32	1	1	8	ra	orphan
0x800230E8	784	func_800230E8	medium	1	u32	1	5	80	s0|s1|s2|s3|s4|s5|s6|s7|fp|ra	orphan
0x800233F8	36	func_800233F8	medium	1	void	1	1	8	ra	orphan
0x8002341C	144	func_8002341C	verified	0	u32	2	4	72	ra	
0x800234AC	328	func_800234AC	verified	4	u32	1	1	32	s0|s1|ra	
0x80023678	328	func_80023678	verified	4	u32	1	2	80	s0|s1|s2|s3|s4|s5|ra	gp
0x800237C0	2148	func_800237C0	verified	0	u32	1	12	160	s0|s1|s2|s3|s4|s5|s6|s7|fp|ra	gp
0x8002418C	108	func_8002418C	high	0	u32	1	5	0	s0|ra	gp
0x80024204	128	func_80024204	verified	1	u32	1	2	24	s0|s1|ra	gp
0x80024478	152	func_80024478	verified	2	u32	1	7	16	ra	gp
0x80024510	588	func_80024510	high	4	u32	1	4	0	s0|s1|ra	gp|indirect
0x8002475C	92	func_8002475C	verified	1	void	2	4	8	s0|ra	
0x800247B8	44	func_800247B8	verified	0	void	1	2	8	ra	
0x800247E4	40	func_800247E4	verified	0	void	1	2	8	ra	
0x8002480C	184	func_8002480C	verified	2	u32	1	5	24	s0|s1|s2|s3|ra	indirect
0x800248C4	496	func_800248C4	low	2	u32	1	0	0		leaf|gte|orphan
0x80024AB4	136	func_80024AB4	low	2	u32	3	0	0		leaf|orphan
0x80024CA8	132	func_80024CA8	low	1	void	0	0	0		leaf|orphan
0x80024D2C	92	func_80024D2C	low	3	void	1	0	0		leaf|orphan
0x80024D88	48	GteLoadWordRtptOtz	low	1	void	0	0	0		leaf|gte|orphan
0x80024DB8	48	GteLoadWordRtptOtzB	low	1	void	0	0	0		leaf|gte|orphan
0x80024DE8	60	GteLoadHalfRtptOtz	low	1	void	0	0	0		leaf|gte|orphan
0x80024E24	60	GteLoadHalfRtptOtzB	low	1	void	0	0	0		leaf|gte|orphan
0x80024E60	48	GteLoadWordRtpt	low	1	u32	0	0	0		leaf|gte|orphan
0x80024FA0	40	func_80024FA0	low	2	u32	0	0	0		leaf|gte|orphan
0x80025024	52	func_80025024	low	2	u32	1	0	0		leaf|gte|orphan
0x80025058	48	func_80025058	low	2	u32	1	0	0		leaf|gte|orphan
0x80025088	48	func_80025088	high	2	u32	1	0	0		leaf|gte
0x800250E8	88	func_800250E8	low	3	void	1	0	0		leaf|gte|orphan
0x800251E8	80	func_800251E8	low	3	void	0	0	0		leaf|gte|orphan
0x800252B0	72	func_800252B0	low	3	u32	1	0	0		leaf|gte|orphan
0x80025470	116	func_80025470	low	3	u32	1	0	0		leaf|gte|orphan
0x8002592C	404	func_8002592C	medium	4	u32	1	4	72	s0|s1|s2|s3|s4|s5|ra	orphan
0x80025F50	1132	func_80025F50	medium	4	u32	0	5	240	s0|s1|s2|s3|s4|s5|s6|s7|fp|ra	gte|orphan
0x800263BC	1284	func_800263BC	medium	3	u32	1	1	224	s0|s1|s2|s3|s4|s5|s6|s7|fp|ra	orphan
0x800268C0	768	func_800268C0	medium	4	u32	1	15	416	s0|s1|s2|s3|s4|s5|s6|s7|fp|ra	orphan
0x80026BC0	52	func_80026BC0	low	0	u32	0	1	0	ra	gp|orphan
0x80027160	108	func_80027160	medium	2	u32	2	2	16	s0|s1|s2|ra	orphan
0x80027398	176	func_80027398	low	4	u32	1	0	0		leaf|orphan
0x800274F8	152	func_800274F8	low	4	u32	1	0	0		leaf|orphan
0x80027590	152	func_80027590	low	4	u32	1	0	0		leaf|orphan
0x80027628	152	func_80027628	low	4	u32	1	0	0		leaf|orphan
0x80027820	200	func_80027820	low	4	u32	0	0	0		leaf|orphan
0x800278E8	80	func_800278E8	low	1	u32	1	0	0		leaf|orphan
0x80027AB0	728	func_80027AB0	medium	4	u32	1	1	40	s0|s1|s2|s3|s4|s5|s6|s7|ra	orphan
0x80027D88	124	func_80027D88	medium	3	u32	1	1	8	ra	orphan
0x80027E04	264	func_80027E04	low	2	u32	2	0	0		leaf|gte|orphan
0x80027F0C	760	func_80027F0C	medium	2	u32	0	1	88	s0|s1|s2|s3|s4|s5|s6|s7|fp|ra	orphan
0x80028204	52	func_80028204	medium	4	void	0	2	16	s0|ra	orphan
0x800282F8	52	func_800282F8	medium	3	void	1	2	16	s0|ra	orphan
0x8002832C	136	func_8002832C	medium	4	u32	0	2	16	s0|s1|s2|ra	orphan
0x80028498	404	func_80028498	medium	3	u32	0	2	56	s0|s1|s2|s3|s4|s5|s6|ra	orphan
0x80028688	104	func_80028688	medium	2	u32	2	2	24	s0|s1|ra	orphan
0x800286F0	428	func_800286F0	medium	4	u32	0	1	72	ra	orphan
0x80028920	76	func_80028920	medium	3	u32	0	2	16	s0|s1|ra	orphan
0x8002896C	108	func_8002896C	medium	3	u32	0	2	32	s0|s1|ra	orphan
0x80028AB8	52	func_80028AB8	high	3	u32	2	0	0		leaf
0x80028B98	132	func_80028B98	high	3	u32	2	0	0		leaf
0x80028C1C	192	func_80028C1C	low	4	u32	0	0	0		leaf|orphan
0x80029094	52	func_80029094	low	2	u32	1	0	0		leaf|orphan
0x800290C8	56	func_800290C8	low	4	u32	1	0	0		leaf|orphan
0x80029100	88	func_80029100	low	4	u32	1	0	0		leaf|orphan
0x80029158	228	func_80029158	low	3	u32	2	0	0		leaf|orphan
0x8002923C	112	func_8002923C	medium	3	u32	1	1	16	s0|s1|ra	orphan
0x800292AC	108	func_800292AC	low	4	u32	3	0	0		leaf|orphan
0x80029318	220	func_80029318	medium	4	u32	2	3	56	s0|s1|s2|s3|s4|s5|s6|ra	orphan
0x800293F4	248	func_800293F4	medium	3	u32	1	1	32	s0|s1|s2|s3|s4|s5|ra	orphan
0x800294EC	64	func_800294EC	medium	1	void	3	2	8	s0|ra	orphan
0x8002952C	552	func_8002952C	medium	4	u32	1	1	56	s0|s1|s2|s3|s4|s5|s6|s7|fp|ra	orphan
0x80029754	2604	func_80029754	medium	4	u32	2	4	160	s0|s1|s2|s3|s4|s5|s6|s7|fp|ra	orphan
0x8002A180	1060	func_8002A180	medium	4	u32	1	3	88	s0|s1|s2|s3|s4|s5|s6|s7|fp|ra	orphan
0x8002A5A4	5368	func_8002A5A4	medium	4	u32	2	4	144	s0|s1|s2|s3|s4|s5|s6|s7|fp|ra	orphan
0x8002BA9C	312	func_8002BA9C	medium	1	u32	1	4	832	s0|s1|s2|s3|ra	orphan
0x8002BBD4	248	func_8002BBD4	medium	1	u32	1	2	176	s0|ra	orphan
0x8002BCCC	412	func_8002BCCC	medium	4	u32	1	1	32	s0|s1|s2|s3|s4|s5|ra	orphan
0x8002BE68	364	func_8002BE68	medium	3	u32	1	5	1144	s0|s1|s2|s3|s4|s5|s6|ra	orphan
0x8002BFD4	236	func_8002BFD4	low	2	u32	1	0	0		leaf|orphan
0x8002C0C0	260	func_8002C0C0	medium	2	u32	1	2	24	s0|s1|s2|s3|s4|ra	orphan
0x8002C1C4	180	func_8002C1C4	medium	2	u32	1	2	24	s0|s1|s2|s3|ra	orphan
0x8002C278	180	func_8002C278	low	2	u32	1	0	0		leaf|orphan
0x8002C32C	2500	func_8002C32C	medium	4	u32	1	1	192	s0|s1|s2|s3|s4|s5|s6|s7|fp|ra	orphan
0x8002CCF0	20	func_8002CCF0	low	1	void	1	0	0		leaf
0x8002CD04	44	GteXformWordToDst	low	2	void	0	1	0		orphan|indirect
0x8002CD30	44	func_8002CD30	low	2	void	3	1	0		indirect
0x8002CD5C	176	func_8002CD5C	high	0	u32	2	0	0		leaf|gte
0x8002D02C	628	func_8002D02C	verified	1	u32	1	1	16	s0|ra	
0x8002D2A0	6984	func_8002D2A0	verified	3	u32	1	25	1120	s0|s1|s2|s3|s4|s5|s6|s7|fp|ra	gp|indirect
0x8002F070	132	func_8002F070	high	4	u32	1	0	0		leaf
0x8002F0F4	1796	func_8002F0F4	verified	1	u32	1	1	32	s0|s1|s2|s3|s4|s5|s6|ra	gp
0x8002F7F8	248	func_8002F7F8	verified	1	u32	2	1	32	s0|s1|s2|s3|s4|s5|s6|ra	
0x8002F8F0	252	func_8002F8F0	medium	3	u32	1	2	24	s0|s1|s2|s3|ra	gp|orphan
0x8002F9EC	48	func_8002F9EC	low	4	void	0	1	0	ra	orphan
0x8002FA1C	988	func_8002FA1C	verified	3	u32	1	3	88	s0|s1|s2|s3|s4|s5|s6|s7|fp|ra	gp
0x8002FDF8	108	func_8002FDF8	verified	3	u32	1	3	16	s0|s1|s2|ra	
0x8002FE64	836	func_8002FE64	verified	0	u32	1	4	8	ra	gp
0x800301A8	268	func_800301A8	high	0	u32	1	1	0	s0|s1|s2|ra	gp
0x800302B4	696	func_800302B4	verified	1	u32	1	3	48	s0|s1|s2|ra	gp
0x8003056C	944	func_8003056C	verified	4	u32	2	4	112	s0|s1|s2|s3|s4|s5|s6|s7|fp|ra	
0x8003091C	1848	func_8003091C	verified	3	u32	1	6	128	s0|s1|s2|s3|s4|s5|s6|s7|fp|ra	gp
0x80031054	2800	func_80031054	verified	3	u32	1	9	136	s0|s1|s2|s3|s4|s5|s6|s7|fp|ra	gp|indirect
0x80031BAC	128	func_80031BAC	low	2	u32	1	0	0		leaf|orphan
0x80031C2C	28	func_80031C2C	high	1	u32	1	0	0		leaf
0x80031CF4	104	func_80031CF4	medium	1	u32	0	1	16	s0|s1|s2|ra	orphan
0x80031F7C	64	func_80031F7C	verified	0	u32	2	1	16	ra	
0x80031FBC	168	func_80031FBC	verified	0	u32	2	7	144	s0|s1|ra	
0x80032064	256	func_80032064	verified	1	u32	2	5	32	s0|ra	
0x80032164	76	func_80032164	verified	1	u32	1	2	8	ra	gp
0x800321B0	40	func_800321B0	medium	1	void	1	2	8	ra	orphan
0x80032290	200	func_80032290	verified	1	u32	2	2	24	s0|s1|ra	
0x80032470	296	func_80032470	verified	3	u32	2	5	40	s0|s1|s2|s3|s4|s5|s6|s7|ra	
0x80032598	48	func_80032598	verified	2	u32	1	1	8	ra	
0x800325C8	48	func_800325C8	verified	2	u32	1	1	8	ra	
0x800325F8	392	func_800325F8	medium	4	u32	0	9	56	s0|s1|s2|s3|s4|s5|fp|ra	gp|orphan|indirect
0x80032944	140	func_80032944	verified	3	u32	2	2	16	s0|s1|s2|ra	gp
0x800329D0	44	func_800329D0	high	0	void	1	1	0	ra	gp
0x800329FC	184	func_800329FC	verified	2	u32	1	1	24	s0|s1|s2|s3|s4|ra	
0x80032AB4	108	func_80032AB4	verified	4	void	1	3	32	s0|s1|s2|ra	
0x80032B20	824	func_80032B20	verified	0	u32	1	12	64	s0|s1|s2|s3|s4|s5|s6|ra	gp|indirect
0x80032E58	160	func_80032E58	high	2	u32	2	1	0	ra	
0x80032EF8	1052	func_80032EF8	verified	2	u32	1	11	160	s0|s1|s2|s3|s4|s5|s6|s7|fp|ra	
0x80033314	972	func_80033314	verified	0	u32	2	6	80	s0|s1|s2|s3|s4|s5|s6|s7|fp|ra	
0x800336E0	636	func_800336E0	verified	1	u32	1	13	80	s0|s1|s2|s3|s4|s5|s6|s7|fp|ra	
0x8003395C	108	func_8003395C	high	0	u32	2	1	0	s0|s1|ra	
0x800339C8	148	func_800339C8	high	1	u32	5	1	0	s0|s1|s2|ra	gp
0x80033A5C	88	func_80033A5C	verified	0	u32	1	1	8	ra	gp
0x80033AB4	488	func_80033AB4	verified	3	u32	1	4	24	s0|s1|s2|s3|ra	gp
0x80033C9C	208	func_80033C9C	verified	3	u32	1	1	16	s0|s1|ra	
0x80033D6C	156	func_80033D6C	verified	3	u32	1	1	16	s0|s1|ra	
0x80033E08	56	func_80033E08	verified	0	u32	5	1	8	ra	
0x80033E78	56	func_80033E78	verified	0	u32	2	1	8	ra	
0x80033EB0	228	func_80033EB0	verified	2	u32	4	2	16	s0|s1|s2|ra	
0x80034020	20	func_80034020	high	1	u32	2	0	0		leaf
0x80034034	260	func_80034034	verified	3	u32	1	2	16	s0|s1|ra	
0x80034138	88	func_80034138	verified	1	void	1	1	8	s0|ra	
0x80034190	1204	func_80034190	verified	4	u32	9	5	120	s0|s1|s2|s3|s4|s5|s6|s7|fp|ra	
0x80034644	48	func_80034644	high	4	void	11	1	0	ra	
0x80034674	2004	func_80034674	verified	3	u32	2	3	56	s0|s1|s2|s3|s4|s5|s6|s7|fp|ra	gp
0x80035070	316	func_80035070	verified	1	u32	1	8	32	s0|s1|s2|s3|s4|s5|s6|ra	
0x800351AC	120	func_800351AC	verified	0	u32	1	4	16	s0|s1|s2|ra	
0x80035224	116	func_80035224	medium	1	u32	1	4	16	s0|s1|ra	orphan
0x80035298	140	func_80035298	medium	1	u32	2	4	16	s0|s1|s2|ra	orphan
0x80035324	32	func_80035324	medium	0	void	1	1	8	ra	orphan
0x800354E4	152	func_800354E4	medium	1	u32	0	3	8	s0|ra	orphan
0x80035900	424	func_80035900	medium	4	u32	0	3	88	s0|s1|s2|s3|s4|s5|s6|s7|fp|ra	gp|orphan
0x80036034	132	func_80036034	medium	2	u32	1	3	24	s0|s1|s2|s3|ra	orphan
0x800360B8	148	func_800360B8	verified	2	u32	1	4	24	s0|s1|s2|s3|ra	
0x8003619C	40	func_8003619C	medium	1	void	4	1	8	ra	orphan
0x80036260	40	func_80036260	verified	1	void	1	1	8	ra	
0x80036288	120	func_80036288	medium	1	u32	1	4	16	s0|s1|ra	orphan
0x80036300	140	func_80036300	medium	1	u32	2	4	16	s0|s1|s2|ra	orphan
0x8003638C	32	func_8003638C	medium	0	void	1	1	8	ra	orphan
0x800363AC	112	func_800363AC	verified	0	u32	4	3	16	s0|s1|s2|ra	
0x80036808	188	func_80036808	medium	1	u32	0	4	8	s0|ra	orphan
0x80036938	80	func_80036938	low	1	u32	0	0	0		leaf|orphan
0x80036DE4	120	func_80036DE4	medium	2	u32	0	3	32	s0|s1|ra	orphan
0x80037498	376	func_80037498	high	3	u32	1	0	0		leaf
0x80037610	416	func_80037610	verified	0	u32	1	2	16	s0|s1|s2|ra	
0x800377BC	784	func_800377BC	medium	4	u32	0	5	104	s0|s1|s2|s3|s4|s5|s6|s7|fp|ra	orphan
0x80037ACC	44	func_80037ACC	high	0	u32	1	0	0	ra	gp|indirect
0x80037AF8	44	func_80037AF8	high	0	u32	1	0	0	ra	gp|indirect
0x80037B24	56	func_80037B24	verified	1	u32	2	0	8	ra	gp|indirect
0x80037B64	72	func_80037B64	verified	0	u32	1	0	8	ra	gp|indirect
0x80037BAC	640	func_80037BAC	low	2	u32	0	4	0	s0|s1|s2|s3|s4|s5|s6|s7|fp|ra	orphan
0x80037E2C	440	func_80037E2C	medium	4	u32	2	3	96	s0|s1|s2|s3|s4|s5|s6|s7|fp|ra	orphan
0x80037FE4	36	func_80037FE4	medium	0	u32	0	1	16	ra	orphan
0x80038008	48	func_80038008	verified	1	u32	1	0	8	ra	gp|indirect
0x80038410	76	func_80038410	high	1	u32	2	0	0		leaf
0x800384BC	840	func_800384BC	verified	0	u32	1	7	40	s0|s1|s2|s3|s4|s5|s6|s7|ra	gp|indirect
0x80038804	80	func_80038804	verified	3	u32	1	2	8	s0|ra	
0x80038854	272	func_80038854	verified	2	u32	2	7	24	s0|s1|s2|s3|s4|ra	
0x80038964	32	func_80038964	verified	0	void	3	1	8	ra	
0x80038984	40	func_80038984	low	0	u32	2	1	0	ra	orphan
0x800389AC	36	func_800389AC	verified	0	void	5	1	8	ra	
0x800389D0	40	func_800389D0	verified	1	void	5	1	8	ra	
0x800389F8	212	func_800389F8	medium	1	u32	1	4	32	s0|s1|s2|s3|s4|s5|ra	orphan
0x80038ACC	68	func_80038ACC	medium	1	void	1	2	8	s0|ra	orphan
0x80038B50	256	func_80038B50	medium	3	u32	0	3	40	s0|s1|s2|s3|s4|s5|s6|s7|fp|ra	orphan
0x80039BAC	144	func_80039BAC	low	4	u32	0	2	0	s0|s1|s2|ra	orphan
0x80039C3C	288	func_80039C3C	medium	3	u32	0	5	40	s0|s1|s2|s3|s4|s5|s6|s7|fp|ra	orphan
0x80039E88	372	func_80039E88	verified	1	u32	1	5	32	s0|s1|ra	indirect
0x80039FFC	92	func_80039FFC	verified	1	u32	1	1	24	s0|ra	
0x8003A10C	96	func_8003A10C	verified	1	u32	2	1	32	s0|s1|ra	
0x8003A16C	152	func_8003A16C	verified	1	u32	1	2	32	s0|s1|ra	indirect
0x8003A204	104	func_8003A204	high	1	u32	9	1	0	s0|ra	indirect
0x8003A26C	284	func_8003A26C	verified	2	u32	3	1	32	s0|ra	
0x8003A388	144	func_8003A388	verified	4	u32	1	1	40	s0|s1|s2|s3|ra	indirect
0x8003A4B0	96	func_8003A4B0	verified	2	u32	3	1	32	s0|s1|ra	indirect
0x8003A570	184	func_8003A570	verified	3	u32	1	1	32	s0|s1|s2|ra	indirect
0x8003A6F0	172	func_8003A6F0	high	2	u32	2	1	0	s0|s1|ra	indirect
0x8003A79C	92	func_8003A79C	verified	1	u32	1	0	32	s0|s1|ra	indirect
0x8003A7F8	112	func_8003A7F8	high	1	u32	1	1	0	s0|ra	indirect
0x8003A868	192	func_8003A868	verified	1	u32	1	3	32	s0|s1|s2|ra	indirect
0x8003AA34	1272	func_8003AA34	verified	1	u32	3	3	32	s0|s1|s2|ra	indirect
0x8003B050	504	func_8003B050	verified	2	u32	1	5	40	s0|s1|ra	
0x8003B248	624	func_8003B248	verified	2	u32	1	5	40	s0|s1|ra	
0x8003B4B8	32	func_8003B4B8	high	3	u32	2	0	0		leaf
0x8003B4D8	152	func_8003B4D8	high	2	u32	2	0	0		leaf
0x8003B570	152	func_8003B570	high	2	u32	2	0	0		leaf
0x8003B608	28	func_8003B608	high	2	u32	2	0	0		leaf
0x8003B624	128	func_8003B624	high	1	u32	2	0	0		leaf
0x8003BF00	72	func_8003BF00	low	1	u32	0	0	0		leaf|orphan
0x8003BF48	48	func_8003BF48	high	1	u32	0	0	0		leaf|addr_taken
0x8003BF9C	688	func_8003BF9C	medium	4	u32	0	5	40	s0|s1|s2|s3|ra	orphan|indirect
0x8003C24C	608	func_8003C24C	medium	0	u32	1	2	0	s0|s1|ra	addr_taken|orphan|indirect
0x8003C4AC	336	func_8003C4AC	verified	1	u32	1	3	24	s0|ra	addr_taken
0x8003C738	52	func_8003C738	medium	0	u32	1	1	24	ra	orphan
0x8003C76C	324	func_8003C76C	medium	0	u32	1	3	32	ra	orphan
0x8003C8B0	160	func_8003C8B0	high	1	u32	1	0	0		leaf
0x8003CD90	36	func_8003CD90	high	3	u32	3	0	0		leaf
0x8003CDB8	52	func_8003CDB8	high	1	u32	8	0	0		leaf
0x8003CDEC	52	func_8003CDEC	high	1	u32	1	0	0		leaf
0x8003CE28	48	func_8003CE28	high	0	u32	5	0	0	ra	indirect
0x8003CE58	48	func_8003CE58	high	0	u32	4	0	0	ra	indirect
0x8003CE88	48	func_8003CE88	high	0	u32	4	0	0	ra	indirect
0x8003CEB8	52	func_8003CEB8	verified	1	u32	2	0	24	ra	indirect
0x8003CF7C	16	func_8003CF7C	high	0	u32	3	0	0		leaf
0x8003CFA4	24	func_8003CFA4	high	1	u32	4	0	0		leaf
0x8003D094	464	func_8003D094	medium	0	u32	0	2	40	s0|s1|s2|s3|s4|ra	orphan|indirect
0x8003D4C4	36	func_8003D4C4	low	2	u32	0	0	0		leaf|orphan
0x8003D4F0	128	func_8003D4F0	high	0	u32	1	1	0		gte
0x8003D620	112	func_8003D620	high	0	void	1	0	0	s0|s1|ra	indirect
0x8003D6F8	164	func_8003D6F8	verified	2	u32	5	1	32	s0|s1|s2|ra	
0x8003D7A8	52	func_8003D7A8	high	1	u32	29	0	0		leaf
0x8003D7E8	68	func_8003D7E8	high	2	u32	12	0	0		leaf
0x8003D838	20	func_8003D838	high	1	u32	1	0	0		leaf
0x8003D84C	16	func_8003D84C	high	0	u32	2	0	0		leaf
0x8003D868	376	func_8003D868	high	1	u32	25	1	0	s0|s1|ra	
0x8003D9E0	152	func_8003D9E0	verified	2	u32	1	3	32	ra	
0x8003DA78	60	func_8003DA78	high	4	u32	3	0	0		leaf
0x8003DAB8	28	func_8003DAB8	high	0	void	1	0	0		leaf
0x8003DAD8	108	func_8003DAD8	high	2	u32	1	0	0		leaf
0x8003DB48	32	func_8003DB48	high	0	void	1	0	0		leaf
0x8003DB68	12	bios_A0_44_FlushCache	verified	0	void	1	0	0		bios|leaf
0x8003DB78	112	func_8003DB78	high	3	u32	6	0	0		leaf
0x8003DBE8	48	func_8003DBE8	high	3	u32	3	0	0		leaf
0x8003DC18	100	func_8003DC18	high	3	u32	19	0	0		leaf
0x8003DC88	108	func_8003DC88	high	3	u32	2	0	0		leaf
0x8003DCF8	164	func_8003DCF8	high	0	void	2	1	0		gte
0x8003DD9C	164	func_8003DD9C	high	0	void	2	1	0		gte
0x8003DE48	132	func_8003DE48	high	1	u32	5	0	0		leaf|gte
0x8003DFB0	40	func_8003DFB0	low	2	u32	4	0	0		leaf|gte|orphan
0x8003E074	88	func_8003E074	low	3	void	1	0	0		leaf|gte|orphan
0x8003E0E8	12	func_8003E0E8	high	1	void	1	0	0		leaf|gte
0x8003E0F8	24	func_8003E0F8	high	2	void	1	0	0		leaf|gte
0x8003E118	32	func_8003E118	high	1	void	4	0	0		leaf|gte
0x8003E138	48	func_8003E138	high	1	void	3	0	0		leaf|gte
0x8003E168	180	func_8003E168	verified	4	u32	2	1	40	s0|s1|s2|s3|s4|ra	
0x8003E248	32	func_8003E248	verified	0	void	1	1	24	ra	
0x8003E268	32	func_8003E268	medium	0	void	0	1	24	ra	orphan
0x8003E2D4	204	func_8003E2D4	high	0	u32	1	0	0	ra	indirect
0x8003E3A0	248	func_8003E3A0	high	3	u32	1	0	0	s0|s1|ra	indirect
0x8003E614	56	func_8003E614	high	2	u32	1	1	0	s0|ra	indirect
0x8003E694	72	func_8003E694	high	3	u32	1	1	0	s0|s1|ra	indirect
0x8003E6E8	568	func_8003E6E8	verified	2	u32	1	3	40	s0|s1|s2|s3|s4|ra	
0x8003F2E0	488	func_8003F2E0	verified	1	u32	2	12	40	s0|s1|s2|ra	
0x8003F4C8	416	func_8003F4C8	low	0	u32	0	6	0	s0|s1|ra	orphan
0x8003F668	412	func_8003F668	verified	3	u32	3	7	40	s0|s1|s2|s3|s4|ra	
0x8003F804	260	func_8003F804	verified	2	u32	2	3	40	s0|s1|s2|s3|s4|ra	
0x8003F938	144	func_8003F938	verified	0	u32	6	2	24	s0|ra	
0x8003F9C8	60	func_8003F9C8	verified	0	u32	1	2	24	ra	
0x8003FA88	16	func_8003FA88	high	0	u32	2	0	0		leaf
0x8003FA98	16	func_8003FA98	high	0	u32	1	0	0		leaf
0x8003FAB8	12	func_8003FAB8	high	0	u32	1	0	0		leaf
0x8003FAC4	108	func_8003FAC4	medium	1	u32	0	3	24	s0|ra	orphan
0x8003FB30	32	func_8003FB30	verified	0	void	1	1	24	ra	
0x8003FBCC	32	func_8003FBCC	verified	0	void	5	1	24	ra	
0x8003FBEC	32	func_8003FBEC	verified	0	void	1	1	24	ra	
0x8003FC0C	20	func_8003FC0C	high	1	u32	4	0	0		leaf
0x8003FC20	20	func_8003FC20	high	1	u32	8	0	0		leaf
0x8003FC34	316	func_8003FC34	verified	3	u32	8	1	56	s0|s1|s2|s3|s4|s5|s6|s7|fp|ra	
0x8003FD70	308	func_8003FD70	verified	2	u32	3	1	56	s0|s1|s2|s3|s4|s5|s6|s7|fp|ra	
0x8003FEA4	332	func_8003FEA4	verified	3	u32	3	2	56	s0|s1|s2|s3|s4|s5|s6|s7|fp|ra	
0x80040010	32	func_80040010	medium	0	u32	0	1	24	ra	orphan
0x80040030	32	func_80040030	medium	0	u32	0	1	24	ra	orphan
0x80040050	36	func_80040050	verified	1	void	3	1	24	ra	
0x80040074	32	func_80040074	medium	0	void	1	1	24	ra	orphan
0x80040098	260	func_80040098	high	2	u32	3	0	0		leaf
0x8004019C	128	func_8004019C	high	1	u32	2	0	0		leaf
0x80040228	128	func_80040228	high	3	u32	2	0	0		leaf
0x800402A8	208	func_800402A8	high	4	u32	2	0	0		leaf
0x800404A8	352	func_800404A8	high	3	u32	1	0	0		leaf|gte
0x80040608	48	func_80040608	low	1	u32	1	0	0		leaf|orphan
0x80040638	92	func_80040638	medium	1	u32	1	1	24	ra	orphan
0x80040698	92	func_80040698	medium	2	u32	1	1	24	s0|ra	orphan
0x800406F8	372	func_800406F8	high	2	u32	1	0	0		leaf|break
0x80040878	112	func_80040878	verified	2	u32	1	0	8		leaf
0x800408E8	48	func_800408E8	verified	1	void	1	2	24	s0|ra	
0x80040918	64	func_80040918	high	1	u32	1	0	0		leaf
0x80040958	444	func_80040958	high	2	u32	5	0	0		leaf
0x80040BEC	136	func_80040BEC	high	1	u32	1	0	0		leaf
0x80040C78	28	func_80040C78	high	2	u32	1	0	0		leaf
0x80040C98	24	func_80040C98	high	2	u32	1	0	0		leaf
0x80040CB8	32	func_80040CB8	verified	0	void	1	1	24	ra	
0x80040CD8	124	func_80040CD8	verified	3	u32	1	0	8		leaf
0x80040D58	164	func_80040D58	low	1	u32	1	1	0	s0|s1|ra	orphan
0x80040E08	116	func_80040E08	medium	0	u32	0	5	24	ra	orphan
0x80040E88	1528	func_80040E88	verified	1	u32	2	2	56	s0|s1|s2|s3|s4|s5|ra	
0x80041488	36	func_80041488	verified	1	void	1	1	24	ra	
0x800414AC	548	func_800414AC	verified	2	u32	1	3	64	s0|s1|s2|s3|s4|s5|s6|ra	
0x800416D8	148	func_800416D8	low	1	u32	1	0	0		leaf|gte|orphan
0x80041778	152	func_80041778	medium	4	u32	1	1	40	s0|s1|s2|ra	orphan
0x80041810	352	func_80041810	low	3	u32	2	0	0		leaf|gte|orphan
0x80041970	64	func_80041970	low	2	u32	1	0	0		leaf|orphan
0x800419B0	80	func_800419B0	low	3	u32	2	0	0		leaf|gte|orphan
0x80041A00	48	func_80041A00	low	3	u32	2	0	0		leaf|gte|orphan
0x80041B00	60	func_80041B00	verified	1	u32	1	1	24	ra	
0x80041B3C	144	func_80041B3C	high	1	u32	1	0	0		leaf
0x80041BD0	60	func_80041BD0	high	4	u32	1	0	0		leaf
0x80041C10	80	func_80041C10	high	3	u32	2	0	0		leaf
0x80041C60	120	func_80041C60	low	4	u32	0	0	0		leaf|gte|orphan
0x80041CE0	60	func_80041CE0	verified	4	u32	24	1	24	ra	
0x80041D20	12	bios_A0_49_GPU_cw	verified	0	void	1	0	0		bios|leaf
0x80041D30	52	func_80041D30	high	3	u32	2	0	0		leaf
0x80041D70	60	func_80041D70	low	1	u32	0	0	0		leaf|gp|orphan
0x80041DF0	12	bios_B0_19_SetCustomExitFromException	verified	0	void	0	0	0		bios|leaf|orphan
0x80041E00	88	func_80041E00	medium	0	u32	0	2	24	ra	orphan
0x80041EF0	36	func_80041EF0	low	2	u32	1	0	0		leaf|orphan
0x80041F20	76	func_80041F20	medium	0	u32	0	2	24	ra	orphan
0x80042198	36	func_80042198	low	2	u32	1	0	0		leaf|orphan
0x800421C8	12	bios_A0_72_CdRemove	verified	0	void	0	0	0		bios|leaf|orphan
0x800421E0	16	func_800421E0	high	0	void	5	0	0		leaf|syscall
0x800421F0	12	bios_B0_17_ReturnFromException	verified	0	void	1	0	0		bios|leaf|orphan
0x80042200	12	bios_B0_5B_ChangeClearPad	verified	0	void	1	0	0		bios|leaf
0x80042210	12	bios_C0_0A_ChangeClearRCnt	verified	0	void	3	0	0		bios|leaf
0x80042220	16	func_80042220	high	0	void	5	0	0		leaf|syscall
0x80042230	12	bios_B0_18_SetDefaultExitFromException	verified	0	void	0	0	0		bios|leaf|orphan
0x80042240	172	func_80042240	high	0	u32	1	3	0		indirect
0x80042320	12	bios_A0_39_InitHeap	verified	0	void	0	0	0		bios|leaf|orphan
0x80042330	84	func_80042330	verified	1	void	8	2	24	s0|ra	
0x80042420	136	func_80042420	low	0	u32	0	0	0		orphan|indirect
0x800424A8	44	func_800424A8	high	0	u32	1	0	0		leaf
0x800426CC	20	func_800426CC	low	0	u32	0	0	0		leaf|orphan
0x800426E0	204	func_800426E0	verified	0	u32	1	5	24	s0|ra	indirect
0x800427AC	52	func_800427AC	medium	0	void	1	4	24	ra	orphan
0x800427E0	16	func_800427E0	low	0	void	0	0	0		leaf|orphan
0x800427F0	612	func_800427F0	medium	1	u32	0	4	32	s0|s1|ra	orphan|indirect
0x80042A54	208	func_80042A54	low	0	u32	0	4	0		orphan
0x80042B24	240	func_80042B24	medium	1	u32	0	2	24	s0|ra	orphan|indirect
0x80042C14	528	func_80042C14	medium	2	u32	0	1	40	s0|s1|s2|s3|ra	orphan
0x80042E24	460	func_80042E24	medium	2	u32	0	2	40	s0|s1|s2|s3|ra	orphan
0x80042FF0	172	func_80042FF0	low	0	u32	0	0	0		leaf|orphan
0x8004309C	144	func_8004309C	medium	0	u32	3	1	24	ra	orphan
0x8004312C	40	func_8004312C	low	0	u32	2	0	0		leaf|orphan
0x80043160	12	func_80043160	high	3	void	1	0	0		leaf
0x8004317C	132	func_8004317C	verified	1	u32	1	3	24	ra	
0x80043200	624	func_80043200	medium	1	u32	0	2	24	s0|ra	orphan|indirect
0x80043470	56	func_80043470	low	1	u32	1	0	0		leaf|orphan
0x800434A8	212	func_800434A8	medium	2	u32	1	0	32	s0|s1|ra	orphan|indirect
0x80043A1C	104	func_80043A1C	verified	2	u32	1	0	32	s0|s1|ra	indirect
0x80043B68	152	func_80043B68	medium	3	u32	0	0	40	s0|s1|s2|s3|ra	orphan|indirect
0x80043CB4	32	func_80043CB4	high	2	u32	1	0	0		leaf
0x80043CD4	20	func_80043CD4	high	1	u32	1	0	0		leaf
0x80043CE8	32	func_80043CE8	high	2	u32	1	0	0		leaf
0x80043D08	32	func_80043D08	low	2	u32	0	0	0		leaf|orphan
0x80043D28	32	func_80043D28	high	2	u32	1	0	0		leaf
0x80043D48	20	func_80043D48	low	1	u32	0	0	0		leaf|orphan
0x80043D60	52	func_80043D60	high	0	u32	1	1	0		leaf
0x80043D94	624	func_80043D94	verified	1	u32	2	3	24	ra	addr_taken|indirect
0x800443EC	844	func_800443EC	medium	1	u32	1	1	40	s0|s1|s2|s3|ra	orphan|indirect
0x800447F0	48	func_800447F0	high	2	u32	1	0	0		leaf
0x80044820	1380	func_80044820	verified	0	u32	3	2	48	s0|s1|ra	
0x80044D84	640	func_80044D84	verified	2	u32	4	6	64	s0|s1|s2|s3|s4|s5|s6|s7|fp|ra	indirect
0x80045004	712	func_80045004	verified	2	u32	1	6	64	s0|s1|s2|s3|s4|s5|s6|s7|fp|ra	indirect
0x800452CC	1036	func_800452CC	high	4	u32	4	7	0	s0|s1|s2|s3|s4|s5|s6|ra	indirect
0x800456D8	136	func_800456D8	low	1	u32	0	0	0		leaf|orphan
0x80045760	212	func_80045760	high	0	u32	5	0	0		leaf
0x80045834	240	func_80045834	high	0	u32	2	0	0		leaf
0x80045924	76	func_80045924	medium	0	void	1	2	24	ra	orphan
0x80045970	480	func_80045970	verified	0	u32	2	6	24	ra	
0x80045B50	360	func_80045B50	medium	1	u32	1	4	48	s0|s1|s2|s3|s4|ra	orphan
0x80045CB8	256	func_80045CB8	low	2	u32	1	0	0		leaf|orphan
0x80045DB8	236	func_80045DB8	low	2	u32	1	0	0		leaf|orphan
0x80045F90	12	bios_B0_07_DeliverEvent	verified	0	void	0	0	0		bios|leaf|orphan
0x80045FA0	232	func_80045FA0	verified	1	u32	1	4	24	s0|ra	
0x80046088	112	func_80046088	high	0	u32	1	5	0	ra	
0x80046100	640	func_80046100	verified	1	u32	1	3	32	s0|s1|ra	
0x80046380	448	func_80046380	high	2	u32	2	2	0	s0|s1|s2|s3|ra	
0x800466A4	640	func_800466A4	low	4	u32	1	2	0	s0|ra	orphan
0x80046924	132	func_80046924	low	2	u32	1	2	0	s0|s1|ra	orphan
0x80046A0C	68	func_80046A0C	high	3	u32	1	0	0		leaf
0x80046A50	164	func_80046A50	high	2	u32	2	0	0		leaf|break
0x80046B88	40	func_80046B88	low	0	u32	1	0	0		leaf|orphan
0x80046BB0	40	func_80046BB0	low	0	u32	1	0	0		leaf|orphan
0x80046BD8	92	func_80046BD8	verified	0	u32	2	0	8		leaf
0x80046C40	12	bios_B0_0B_TestEvent	verified	0	void	1	0	0		bios|leaf|orphan
0x80046C50	36	func_80046C50	verified	1	void	2	1	24	ra	
0x80046C80	12	bios_B0_09_CloseEvent	verified	0	void	1	0	0		bios|leaf|orphan
0x80046C90	12	bios_B0_0D_DisableEvent	verified	0	void	1	0	0		bios|leaf|orphan
0x80046CA0	1552	func_80046CA0	medium	4	u32	1	0	8	s0|s1	leaf|break|orphan
0x800472B0	1684	func_800472B0	verified	3	u32	1	4	120	s0|s1|s2|s3|s4|s5|s6|s7|fp|ra	break
0x80047950	252	func_80047950	verified	1	u32	3	2	24	s0|ra	
0x80047A4C	60	func_80047A4C	high	0	void	2	1	0	ra	
0x80047BB0	12	bios_C0_03_SysDeqIntRP	verified	0	void	2	0	0		bios|leaf
0x80047BC0	12	bios_C0_02_SysEnqIntRP	verified	0	void	1	0	0		bios|leaf
0x80047BD0	32	func_80047BD0	low	1	u32	4	0	0		leaf|orphan
0x80047BF0	160	func_80047BF0	low	0	u32	5	0	0		leaf|orphan
0x800482C0	12	bios_B0_08_OpenEvent	verified	0	void	1	0	0		bios|leaf
0x800482D0	12	bios_B0_0C_EnableEvent	verified	0	void	1	0	0		bios|leaf
0x800482E0	12	bios_B0_35_FileWrite	verified	0	void	2	0	0		bios|leaf
